x,y,vx,vy,pressure,type
-3.10230533e-02,-3.10230533e-02,-7.30889245e-02,-7.30889245e-02,0.00000000e+00,0
1.90853777e-02,-1.90853777e-02,4.44438534e-02,-4.44438534e-02,0.00000000e+00,0
-1.90853777e-02,1.90853777e-02,-4.44438534e-02,4.44438534e-02,0.00000000e+00,0
3.10230533e-02,3.10230533e-02,7.30889245e-02,7.30889245e-02,0.00000000e+00,0
