x,y,vx,vy,pressure,type
-5.94527671e-02,-5.94527671e-02,-2.45104052e-01,-2.45104052e-01,0.00000000e+00,0
5.94787697e-02,-5.94787697e-02,2.45221383e-01,-2.45221383e-01,0.00000000e+00,0
-1.67707130e-02,-1.67707130e-02,-7.30889245e-02,-7.30889245e-02,0.00000000e+00,0
1.04188263e-02,-1.04188263e-02,4.44438534e-02,-4.44438534e-02,0.00000000e+00,0
-1.04188263e-02,1.04188263e-02,-4.44438534e-02,4.44438534e-02,0.00000000e+00,0
1.67707130e-02,1.67707130e-02,7.30889245e-02,7.30889245e-02,0.00000000e+00,0
-5.94787697e-02,5.94787697e-02,-2.45221383e-01,2.45221383e-01,0.00000000e+00,0
5.94527671e-02,5.94527671e-02,2.45104052e-01,2.45104052e-01,0.00000000e+00,0
