x,y,vx,vy,pressure,type
-6.19038076e-02,-6.19038076e-02,-2.45104052e-01,-2.45104052e-01,0.00000000e+00,0
6.19309836e-02,-6.19309836e-02,2.45221383e-01,-2.45221383e-01,0.00000000e+00,0
-1.75016022e-02,-1.75016022e-02,-7.30889245e-02,-7.30889245e-02,0.00000000e+00,0
1.08632648e-02,-1.08632648e-02,4.44438534e-02,-4.44438534e-02,0.00000000e+00,0
-1.08632648e-02,1.08632648e-02,-4.44438534e-02,4.44438534e-02,0.00000000e+00,0
1.75016022e-02,1.75016022e-02,7.30889245e-02,7.30889245e-02,0.00000000e+00,0
-6.19309836e-02,6.19309836e-02,-2.45221383e-01,2.45221383e-01,0.00000000e+00,0
6.19038076e-02,6.19038076e-02,2.45104052e-01,2.45104052e-01,0.00000000e+00,0
