x,y,vx,vy,pressure,type
-6.68058887e-02,-6.68058887e-02,-2.45104052e-01,-2.45104052e-01,0.00000000e+00,0
6.68354112e-02,-6.68354112e-02,2.45221383e-01,-2.45221383e-01,0.00000000e+00,0
-1.89633807e-02,-1.89633807e-02,-7.30889245e-02,-7.30889245e-02,0.00000000e+00,0
1.17521419e-02,-1.17521419e-02,4.44438534e-02,-4.44438534e-02,0.00000000e+00,0
-1.17521419e-02,1.17521419e-02,-4.44438534e-02,4.44438534e-02,0.00000000e+00,0
1.89633807e-02,1.89633807e-02,7.30889245e-02,7.30889245e-02,0.00000000e+00,0
-6.68354112e-02,6.68354112e-02,-2.45221383e-01,2.45221383e-01,0.00000000e+00,0
6.68058887e-02,6.68058887e-02,2.45104052e-01,2.45104052e-01,0.00000000e+00,0
