x,y,vx,vy,pressure,type
-5.33251658e-02,-5.33251658e-02,-2.45104052e-01,-2.45104052e-01,0.00000000e+00,0
5.33482351e-02,-5.33482351e-02,2.45221383e-01,-2.45221383e-01,0.00000000e+00,0
-1.49434899e-02,-1.49434899e-02,-7.30889245e-02,-7.30889245e-02,0.00000000e+00,0
9.30772995e-03,-9.30772995e-03,4.44438534e-02,-4.44438534e-02,0.00000000e+00,0
-9.30772995e-03,9.30772995e-03,-4.44438534e-02,4.44438534e-02,0.00000000e+00,0
1.49434899e-02,1.49434899e-02,7.30889245e-02,7.30889245e-02,0.00000000e+00,0
-5.33482351e-02,5.33482351e-02,-2.45221383e-01,2.45221383e-01,0.00000000e+00,0
5.33251658e-02,5.33251658e-02,2.45104052e-01,2.45104052e-01,0.00000000e+00,0
